Date,Action,Price,LLM_Insight,Q_Values
2026-01-02,HOLD,619.43,"Sentiment Analysis:

The market sentiment is generally positive, with a slight negative sentiment towards the QQQ (Quandary Q) index, indicating a positive outlook for the company. The sentiment towards the VIX (Volatility Index) is also positive, indicating a positive outlook for the market. The sentiment towards the RSI (Relative Strength Index) is also positive, indicating a positive outlook for the market. The sentiment towards the yield is positive, indicating a positive outlook for the company. The sentiment towards the inflation is positive, indicating a positive outlook for the economy. The sentiment towards the unemployment is positive, indicating a positive outlook for the labor market.

However, there are a few points of concern:

1. The sentiment towards the yield is slightly negative, indicating a negative outlook for the company. This could be due to concerns about the company's financial health.

2. The sentiment towards","[[511.0672912597656, 501.2867431640625, 482.9980773925781]]"
2026-01-02,HOLD,614.31,"Sentiment Analysis:

The market sentiment is generally positive, with a slight negative sentiment towards the QQQ (Quandary Q) index, indicating a positive outlook for the company. The sentiment towards the VIX (Volatility Index) is also positive, indicating a positive outlook for the market. The sentiment towards the RSI (Relative Strength Index) is also positive, indicating a positive outlook for the market. The sentiment towards the Yield is also positive, indicating a positive outlook for the company. The sentiment towards the Inflation is also positive, indicating a positive outlook for the economy. The sentiment towards the Unemployment is also positive, indicating a positive outlook for the market.

However, there are a few points of concern:

1. The sentiment towards the QQQ is slightly negative, indicating a negative outlook for the company. This could be due to concerns about the company's financial health or the","[[524.8451538085938, 514.8108520507812, 496.0126037597656]]"
2026-01-09,HOLD,624.02,"Sentiment Analysis:

The market sentiment is generally positive, with a slight negative sentiment towards the QQQ (Quandary Q) index, indicating a positive outlook for the company. The sentiment towards the VIX (Volatility Index) is also positive, indicating a positive outlook for the market. The sentiment towards the RSI (Relative Strength Index) is also positive, indicating a positive outlook for the market. The sentiment towards the yield is positive, indicating a positive outlook for the company. The sentiment towards the inflation is positive, indicating a positive outlook for the economy. The sentiment towards the unemployment is positive, indicating a positive outlook for the labor market.

However, there are a few points of concern:

1. The sentiment towards the yield is slightly negative, indicating a negative outlook for the company. This could be due to concerns about the company's financial health.

2. The sentiment towards","[[523.4524536132812, 513.4495239257812, 494.6993713378906]]"
2026-01-09,HOLD,626.65,"Sentiment Analysis:

The market sentiment is generally positive, with a slight negative sentiment towards the QQQ (Quandary Q) index, indicating a positive outlook for the company. The sentiment towards the VIX (Volatility Index) is also positive, indicating a positive outlook for the market. The sentiment towards the RSI (Relative Strength Index) is also positive, indicating a positive outlook for the market. The sentiment towards the yield is positive, indicating a positive outlook for the company. The sentiment towards the inflation is positive, indicating a positive outlook for the economy. The sentiment towards the unemployment is positive, indicating a positive outlook for the labor market.

However, there are a few points of concern:

1. The sentiment towards the yield is slightly negative, indicating a negative outlook for the company. This could be due to concerns about the company's financial health.

2. The sentiment towards","[[529.1181640625, 519.0131225585938, 500.05487060546875]]"
2026-01-16,HOLD,626.24,"Sentiment Analysis:

The market sentiment is generally positive, with a slight negative sentiment towards the QQQ (Quandary Q) index, indicating a positive outlook for the company. The sentiment towards the VIX (Volatility Index) is also positive, indicating a positive outlook for the market. The sentiment towards the RSI (Relative Strength Index) is also positive, indicating a positive outlook for the market. The sentiment towards the yield is positive, indicating a positive outlook for the company. The sentiment towards the inflation is positive, indicating a positive outlook for the economy. The sentiment towards the unemployment is positive, indicating a positive outlook for the labor market.

However, there are a few points of concern:

1. The sentiment towards the yield is slightly negative, indicating a negative outlook for the company. This could be due to concerns about the company's financial health.

2. The sentiment towards","[[516.8602905273438, 506.98162841796875, 488.4747619628906]]"
2026-01-16,HOLD,621.26,"Sentiment Analysis:

The market sentiment is generally positive, with a slight negative sentiment towards the QQQ (Quandary Q) index, indicating a positive outlook for the company. The sentiment towards the VIX (Volatility Index) is also positive, indicating a positive outlook for the market. The sentiment towards the RSI (Relative Strength Index) is also positive, indicating a positive outlook for the market. The sentiment towards the Yield is also positive, indicating a positive outlook for the company. The sentiment towards the Inflation is also positive, indicating a positive outlook for the economy. The sentiment towards the Unemployment is also positive, indicating a positive outlook for the economy.

However, there are a few points of concern:

1. The sentiment towards the QQQ is slightly negative, indicating a negative outlook for the company. This could be due to concerns about the company's financial health or the","[[518.2364501953125, 508.326171875, 489.77227783203125]]"
2026-01-23,HOLD,616.28,"Sentiment Analysis:

The market sentiment is generally positive, with a slight negative sentiment towards the QQQ (Quandary Q) index, indicating a positive outlook for the company. The sentiment towards the VIX (Volatility Index) is also positive, indicating a positive outlook for the market. The sentiment towards the RSI (Relative Strength Index) is also positive, indicating a positive outlook for the market. The sentiment towards the yield is positive, indicating a positive outlook for the company. The sentiment towards the inflation is positive, indicating a positive outlook for the economy. The sentiment towards the unemployment is positive, indicating a positive outlook for the labor market.

However, there are a few points of concern:

1. The sentiment towards the yield is slightly negative, indicating a negative outlook for the company. This could be due to concerns about the company's financial health.

2. The sentiment towards","[[511.4042053222656, 501.62457275390625, 483.3145446777344]]"
2026-01-23,HOLD,622.72,"Sentiment Analysis:

The market sentiment is generally positive, with a slight negative sentiment towards the QQQ (Quandl Group Inc.) stock. This is likely due to the fact that the QQQ is a major player in the stock market, and its performance is expected to continue in the future. The stock's performance is also expected to increase as the economy continues to grow and the government continues to invest in infrastructure. The stock's price is expected to rise as the economy continues to grow and the government continues to invest in infrastructure.

However, there is also a slight negative sentiment towards the VIX (Volatility Index) stock, as it is expected to fall in the near future. The VIX is a measure of market volatility, and its value is expected to decrease as the economy continues to grow and the government continues to invest in infrastructure.

The RSI (Relative Strength Index) stock also has a slight positive sentiment","[[505.7403869628906, 496.068115234375, 477.96484375]]"
2026-01-30,HOLD,621.87,"Sentiment Analysis:

The market sentiment is generally positive, with a slight negative sentiment towards the QQQ (Quandary Q) index, indicating a positive outlook for the company. The sentiment towards the VIX (Volatility Index) is also positive, indicating a positive outlook for the market. The sentiment towards the RSI (Relative Strength Index) is also positive, indicating a positive outlook for the market. The sentiment towards the yield is positive, indicating a positive outlook for the company. The sentiment towards the inflation is positive, indicating a positive outlook for the economy. The sentiment towards the unemployment is positive, indicating a positive outlook for the labor market.

However, there are a few points of concern:

1. The sentiment towards the yield is slightly negative, indicating a negative outlook for the company. This could be due to concerns about the company's financial health.

2. The sentiment towards","[[511.67578125, 501.88531494140625, 483.5746154785156]]"
